Steps,CPAD
225,1.33025
229,1.27967
263,1.41499
219,1.27854
233,1.25424
211,1.27548
258,1.34964
222,1.27449
267,1.49107
230,1.23465