Steps,CPAD
211,0.0951024
242,0.104614
250,0.103253
253,0.104686
249,0.101681
252,0.111454
248,0.104099
251,0.111096
237,0.990908
247,0.10483