Steps,CPAD
241,2.16589
224,2.14208
265,2.32736
268,2.24144
220,2.10252
219,2.05191
171,2.02935
189,2.04035
214,2.11182
202,2.01431